app_name,rq4_found,rq4_status,rq4_normal_count,rq4_dangerous_count,rq5_found,rq5_status,rq5_unused_count,rq7_found,rq7_status,rq7_vulnerable_count,rq7_safe_export_count,error
_Mercedes me_2.13.12_Apkpure.apk,True,MEDIUM RISK,4,4,True,VULNERABLE,5,True,VULNERABLE,5,6,
AC Remote Control_2.1_Apkpure.apk,True,MEDIUM RISK,5,2,True,VULNERABLE,3,True,VULNERABLE,10,1,
AC Remote For LG Air Condition_10.0.0.1_Apkpure.apk,True,MEDIUM RISK,7,1,True,VULNERABLE,3,False,CLEAN,0,3,
AC Remote For Panasonic_10.0.0.1_Apkpure.apk,True,MEDIUM RISK,7,1,True,VULNERABLE,3,False,CLEAN,0,3,
AIO Remote_3.5.9.14_Apkpure.apk,True,MEDIUM RISK,5,2,True,VULNERABLE,3,True,VULNERABLE,3,4,
all.language.translator.hub.malayalamtosamoantranslator_1.apk,True,MEDIUM RISK,4,3,True,VULNERABLE,4,False,CLEAN,0,1,
Amazon Alexa_2.2.486074.0_Apkpure.apk,True,HIGH RISK,10,21,True,VULNERABLE,10,True,VULNERABLE,44,13,
aplus.strafrecht_37.apk,True,MEDIUM RISK,1,1,True,VULNERABLE,2,False,CLEAN,0,1,
Arçelik Akıllı Kumanda_3.36_Apkpure.apk,True,VULNERABLE,4,0,True,VULNERABLE,3,True,VULNERABLE,1,1,
Bike Itaú_ Bicycle-Sharing_9.3.2_Apkpure.apk,True,MEDIUM RISK,3,5,True,VULNERABLE,6,False,CLEAN,0,1,
Bird — Ride Electric_4.214.0.7_Apkpure.apk,True,MEDIUM RISK,7,8,True,VULNERABLE,4,True,VULNERABLE,4,9,
Bose Music_6.1.2_Apkpure.apk,True,MEDIUM RISK,8,3,True,VULNERABLE,8,False,CLEAN,0,13,
Bose SoundTouch_27.0.1_Apkpure.apk,True,MEDIUM RISK,5,2,True,VULNERABLE,7,True,VULNERABLE,5,3,
Brother iPrint&Scan_6.10.0_Apkpure.apk,True,MEDIUM RISK,6,6,True,VULNERABLE,8,False,CLEAN,0,9,
Cable Remote Control Universal_8.4.3_Apkpure.apk,True,MEDIUM RISK,3,2,True,VULNERABLE,6,True,VULNERABLE,3,4,
Canon CameraWindow_1.5.2.21_Apkpure.apk,True,MEDIUM RISK,4,3,True,VULNERABLE,7,True,VULNERABLE,1,1,
Cardiograph - Heart Rate Meter_4.1.5_Apkpure.apk,True,MEDIUM RISK,4,4,True,VULNERABLE,8,True,VULNERABLE,1,1,
Cast to Chromecast - Screen mi_2.2_Apkpure.apk,True,MEDIUM RISK,6,4,True,VULNERABLE,4,True,VULNERABLE,1,1,
"Cast to TV - Chromecast, Roku_2.3.1.1_Apkpure.apk",True,MEDIUM RISK,7,2,True,VULNERABLE,6,False,CLEAN,0,1,
"Cast to TV_ Chromecast, Roku_1.5.0.2_Apkpure.apk",True,MEDIUM RISK,7,2,True,VULNERABLE,7,False,CLEAN,0,1,
Cast Web Videos to Smart TVs_8.905_Apkpure.apk,False,CLEAN,0,0,False,CLEAN,0,False,CLEAN,0,0,
CetusPlay - TV Remote Server R_4.8.0-For TV_Apkpure.apk,True,MEDIUM RISK,6,2,True,VULNERABLE,7,True,VULNERABLE,10,5,
Cisco Secure Client-AnyConnect_5.0.00247_Apkpure.apk,True,MEDIUM RISK,5,4,True,VULNERABLE,6,True,VULNERABLE,8,7,
co.massmobileapps.porkmafia_3.apk,True,MEDIUM RISK,5,9,True,VULNERABLE,6,True,VULNERABLE,11,7,
com.app.radioelsalvador_2.apk,True,MEDIUM RISK,3,5,True,VULNERABLE,6,True,VULNERABLE,1,1,
com.app.soivyfi_135.apk,True,VULNERABLE,2,0,True,VULNERABLE,1,True,VULNERABLE,23,3,
com.bertholucci.potd_5.apk,True,VULNERABLE,1,0,True,VULNERABLE,1,False,CLEAN,0,1,
com.blossomsazz.app_1.apk,True,MEDIUM RISK,5,6,True,VULNERABLE,10,True,VULNERABLE,58,6,
com.chownow.communitylanes_139.apk,True,MEDIUM RISK,2,5,True,VULNERABLE,3,False,CLEAN,0,2,
com.chownow.howardscharro_140.apk,True,MEDIUM RISK,2,3,True,VULNERABLE,3,True,VULNERABLE,2,3,
Copy of alnima.wordshapes_3.apk,True,VULNERABLE,3,0,True,VULNERABLE,3,False,CLEAN,0,1,
Copy of andreasagap.ktelmakedonia_38.apk,True,VULNERABLE,1,0,True,VULNERABLE,2,False,CLEAN,0,1,
Copy of aplus.droitfiscal_37.apk,True,MEDIUM RISK,1,1,True,VULNERABLE,2,False,CLEAN,0,1,
Copy of app.typographic.typographic_33.apk,True,MEDIUM RISK,5,4,True,VULNERABLE,3,False,CLEAN,0,3,
Copy of appinventor.ai_mmfrutos7878.Ancleaner_188.apk,True,MEDIUM RISK,6,2,True,VULNERABLE,5,False,CLEAN,0,2,
Copy of arproductions.andrew.worklog_73.apk,True,VULNERABLE,4,0,True,VULNERABLE,2,True,VULNERABLE,2,3,
Copy of au.com.idfish.app_68.apk,True,MEDIUM RISK,3,4,True,VULNERABLE,4,True,VULNERABLE,6,2,
Copy of bosmap.magnum.me.il2bosmap_16.apk,True,MEDIUM RISK,2,1,True,VULNERABLE,3,False,CLEAN,0,1,
Copy of br.com.mobits.mobitsplaza.app.praiadacosta_47.apk,True,HIGH RISK,7,7,True,VULNERABLE,12,True,VULNERABLE,1,2,
Copy of br.com.originalsoftware.taxifonecliente.teleTaxiSalvador_3665.apk,True,MEDIUM RISK,1,6,True,VULNERABLE,4,False,CLEAN,0,2,
Copy of br.lgfelicio_9268.apk,True,HIGH RISK,6,6,True,VULNERABLE,5,True,VULNERABLE,16,21,
Copy of ch.cern.cernbox_43000100.apk,True,MEDIUM RISK,4,1,True,VULNERABLE,1,True,VULNERABLE,2,3,
Copy of ch.gooods_358.apk,True,MEDIUM RISK,2,5,True,VULNERABLE,2,True,VULNERABLE,1,3,
Copy of chat.amor_110.apk,True,MEDIUM RISK,4,2,True,VULNERABLE,4,False,CLEAN,0,1,
Copy of chat.butler.panel_88.apk,True,MEDIUM RISK,7,5,True,VULNERABLE,4,False,CLEAN,0,1,
Copy of cleaner.clean.booster_231.apk,True,MEDIUM RISK,9,1,True,VULNERABLE,7,True,VULNERABLE,3,2,
Copy of cn.com.tiro.virtualremote_113.apk,True,MEDIUM RISK,4,7,True,VULNERABLE,8,False,CLEAN,0,2,
Copy of co.dudo.podcastvn_28.apk,True,MEDIUM RISK,8,6,True,VULNERABLE,12,True,VULNERABLE,3,5,
Copy of com.a7afidi.hidden_23.apk,True,MEDIUM RISK,4,2,True,VULNERABLE,3,True,VULNERABLE,1,1,
Copy of com.agiliron_5.apk,True,MEDIUM RISK,3,5,True,VULNERABLE,5,False,CLEAN,0,1,
Copy of com.aicsm.sscpreviousyearsgk_16.apk,True,MEDIUM RISK,2,1,True,VULNERABLE,1,False,CLEAN,0,1,
Copy of com.aiobhd.statussaver_3.apk,True,MEDIUM RISK,2,2,True,VULNERABLE,1,True,VULNERABLE,2,2,
Copy of com.ali.pashtodictionary.apps_320.apk,True,MEDIUM RISK,3,2,True,VULNERABLE,4,True,VULNERABLE,1,2,
Copy of com.androidappsworldmx.kissfmespana_20230326.apk,True,MEDIUM RISK,3,1,True,VULNERABLE,1,True,VULNERABLE,3,1,
Copy of com.angel.world.clock_14.apk,True,MEDIUM RISK,5,2,True,VULNERABLE,4,False,CLEAN,0,1,
Copy of com.aplicativoslegais.topstickers_49.apk,True,MEDIUM RISK,3,3,True,VULNERABLE,3,True,VULNERABLE,3,4,
Copy of com.apnax.wordpark_49.apk,True,VULNERABLE,4,0,True,VULNERABLE,2,True,VULNERABLE,3,4,
Copy of com.app.azantime_58.apk,True,MEDIUM RISK,4,4,True,VULNERABLE,1,True,VULNERABLE,7,3,
Copy of com.app.radiojibi_23.apk,True,MEDIUM RISK,6,1,True,VULNERABLE,2,True,VULNERABLE,5,4,
Copy of com.app.sefamerve_172.apk,True,MEDIUM RISK,4,2,True,VULNERABLE,4,True,VULNERABLE,2,2,
Copy of com.appg.bankdiary.client_11.apk,True,MEDIUM RISK,2,5,True,VULNERABLE,2,True,VULNERABLE,1,3,
Copy of com.appg.ebridge_209411.apk,True,MEDIUM RISK,4,3,True,VULNERABLE,2,False,CLEAN,0,5,
Copy of com.appking.juzs.juz9_7.apk,True,VULNERABLE,2,0,True,VULNERABLE,2,False,CLEAN,0,1,
Copy of com.apprancher.freestuff_80000000.apk,True,MEDIUM RISK,2,4,True,VULNERABLE,3,False,CLEAN,0,1,
Copy of com.AppRocks.now.prayer_907.apk,True,MEDIUM RISK,8,5,True,VULNERABLE,10,True,VULNERABLE,13,14,
Copy of com.appsamimanera.calendarioportugues_8.apk,True,MEDIUM RISK,2,2,True,VULNERABLE,2,True,VULNERABLE,4,3,
Copy of com.appscho.appschov2.esg_13001.apk,True,MEDIUM RISK,5,4,True,VULNERABLE,4,False,CLEAN,0,1,
Copy of com.apptegy.iberia_23.apk,True,MEDIUM RISK,3,4,True,VULNERABLE,7,False,CLEAN,0,1,
Copy of com.apptegy.palmyra_24.apk,True,MEDIUM RISK,4,4,True,VULNERABLE,6,True,VULNERABLE,5,3,
Copy of com.apptegy.rockland_25.apk,True,MEDIUM RISK,3,4,True,VULNERABLE,7,False,CLEAN,0,1,
Copy of com.appworkout.fitbutler.demo_1277.apk,True,MEDIUM RISK,3,6,True,VULNERABLE,5,False,CLEAN,0,1,
Copy of com.appybuilder.sarafriss1997.nokatori_36.apk,True,VULNERABLE,1,0,True,VULNERABLE,2,False,CLEAN,0,1,
Copy of com.arashpayan.prayerbook_23.apk,False,CLEAN,0,0,False,CLEAN,0,False,CLEAN,0,1,
Copy of com.areeb.doobo_535.apk,True,MEDIUM RISK,4,5,True,VULNERABLE,5,True,VULNERABLE,6,5,
Copy of com.arppha_375.apk,True,MEDIUM RISK,3,4,True,VULNERABLE,2,True,VULNERABLE,4,1,
Copy of com.arvin.applemessagepro_30.apk,True,HIGH RISK,3,9,True,VULNERABLE,9,False,CLEAN,0,3,
Copy of com.aryservices.arynews.en_80970.apk,True,VULNERABLE,4,0,True,VULNERABLE,2,True,VULNERABLE,4,3,
Copy of com.asis.petechmobil_19.apk,True,MEDIUM RISK,2,4,True,VULNERABLE,5,True,VULNERABLE,34,2,
Copy of com.astroid.yodha_45840004.apk,True,MEDIUM RISK,4,4,True,VULNERABLE,5,True,VULNERABLE,1,7,
Copy of com.autocab.driverapp_9930.apk,True,MEDIUM RISK,10,11,True,VULNERABLE,3,True,VULNERABLE,2,1,
Copy of com.avempace.smaart.doorphone_7365.apk,True,MEDIUM RISK,6,4,True,VULNERABLE,6,True,VULNERABLE,1,1,
Copy of com.AwamiSolution.flipimagemirrorimage_13.apk,True,MEDIUM RISK,3,2,True,VULNERABLE,2,True,VULNERABLE,9,1,
Copy of com.ax.hud.compass_5.apk,True,MEDIUM RISK,1,4,True,VULNERABLE,4,True,VULNERABLE,1,1,
Copy of com.barasan.cookiekingdomcode_51.apk,True,VULNERABLE,5,0,True,VULNERABLE,4,False,CLEAN,0,1,
Copy of com.bdcricketlivescore.bangladeshcricketlivematchhd_16.apk,True,VULNERABLE,3,0,True,VULNERABLE,4,True,VULNERABLE,30,3,
Copy of com.beki.live_50.apk,True,MEDIUM RISK,11,5,True,VULNERABLE,7,True,VULNERABLE,18,7,
Copy of com.beoneapps.rutadelaplata_11.apk,True,MEDIUM RISK,1,2,True,VULNERABLE,1,False,CLEAN,0,1,
Copy of com.bfi.rca.gabon_2.apk,True,MEDIUM RISK,2,7,True,VULNERABLE,4,True,VULNERABLE,1,1,
Copy of com.bigfishgames.gummydropgoogle_51803001.apk,True,MEDIUM RISK,5,4,True,VULNERABLE,1,True,VULNERABLE,5,4,
Copy of com.biosys.tdcheck_13.apk,True,MEDIUM RISK,4,5,True,VULNERABLE,4,True,VULNERABLE,1,1,
Copy of com.bitaksi.musteri_440830303.apk,True,MEDIUM RISK,7,3,True,VULNERABLE,5,True,VULNERABLE,2,4,
Copy of com.blackstar.apps.teammanager_15.apk,True,MEDIUM RISK,3,2,True,VULNERABLE,4,False,CLEAN,0,1,
Copy of com.blognawa.radio_53.apk,True,MEDIUM RISK,7,1,True,VULNERABLE,7,False,CLEAN,0,1,
Copy of com.blueappsllc.bomdia_1.apk,True,MEDIUM RISK,4,4,True,VULNERABLE,6,True,VULNERABLE,3,3,
Copy of com.bmw.ConnectedRide_551010.apk,True,HIGH RISK,14,14,True,VULNERABLE,20,True,VULNERABLE,14,2,
Copy of com.bosch.boschlevellingremoteapp_153.apk,True,MEDIUM RISK,3,7,True,VULNERABLE,3,False,CLEAN,0,1,
Copy of com.brandbot.mobile_2121.apk,True,VULNERABLE,2,0,True,VULNERABLE,1,False,CLEAN,0,2,
Copy of com.burakgon.netoptimizer_1386.apk,True,VULNERABLE,6,0,True,VULNERABLE,2,True,VULNERABLE,5,6,
Copy of com.byappsc.shehj_266.apk,True,MEDIUM RISK,2,7,True,VULNERABLE,9,True,VULNERABLE,2,2,
Copy of com.callhistory.contacts.calllog_86.apk,True,MEDIUM RISK,4,4,True,VULNERABLE,5,True,VULNERABLE,1,3,
TV Cast for Chromecast_35.13.25.19_Apkpure.apk,True,MEDIUM RISK,3,3,True,VULNERABLE,2,True,VULNERABLE,2,2,
Ultimate Alexa Voice Assistant_3.4.0_Apkpure.apk,True,MEDIUM RISK,8,4,True,VULNERABLE,6,True,VULNERABLE,9,6,
Universal Remote Control_1.0.34_Apkpure.apk,True,MEDIUM RISK,6,6,True,VULNERABLE,6,True,VULNERABLE,1,2,
Universal TV Remote Control_1.1.26_Apkpure.apk,True,MEDIUM RISK,8,4,True,VULNERABLE,11,True,VULNERABLE,2,3,
VLC Mobile Remote - PC & Mac_2.9.1_Apkpure.apk,True,MEDIUM RISK,4,3,True,VULNERABLE,3,True,VULNERABLE,3,2,
Watch Droid Phone_15.16_Apkpure.apk,True,MEDIUM RISK,7,3,True,VULNERABLE,10,True,VULNERABLE,1,3,
Web Video Cast _ Browser to TV_5.6.0_Apkpure.apk,True,MEDIUM RISK,6,3,True,VULNERABLE,2,True,VULNERABLE,2,2,
Withings Health Mate_5.12.1_Apkpure.apk,True,HIGH RISK,7,14,True,VULNERABLE,7,True,VULNERABLE,8,5,
Wyze - Make Your Home Smarter_2.36.0.96_Apkpure.apk,True,HIGH RISK,11,19,True,VULNERABLE,12,True,VULNERABLE,9,7,
Xfinity My Account_1.58.13.20220802141245_Apkpure.apk,True,MEDIUM RISK,4,4,True,VULNERABLE,4,True,VULNERABLE,2,3,
Yoho Sports_20.36.37_Apkpure.apk,True,HIGH RISK,7,11,True,VULNERABLE,9,True,VULNERABLE,7,4,
Yulu - EVs for Rides & Rentals_4.4.1.4_Apkpure.apk,True,HIGH RISK,7,11,True,VULNERABLE,6,True,VULNERABLE,13,8,
